<?xml version="1.0"?>
<pedido numero="1000">
  <cliente>
    <razao_social>XYZ</razao_social>
    <cgc>02.000.000/0002-00</cgc>
    <endereco>
        <logradouro>Rua das Camelias,134 </logradouro>
        <cidade>Rio de Janeiro</cidade>
        <estado>RJ</estado>
    </endereco>
  </cliente>
  <itens_pedido>
    <item>
       <produto>apagador</produto>
       <quantidade>10</quantidade>
       <preco_unit>1.50</preco_unit>
    </item>
    <item>
       <produto>giz</produto>
       <quantidade>100</quantidade>
       <preco_unit>2</preco_unit>
    </item>
  </itens_pedido>
</pedido>