<?xml version="1.0" encoding="UTF-8"?>
<!DOCTYPE receita SYSTEM "receita.dtd">	
<receita>
   <paciente>
      <nome>Ana Maria Marina</nome>
      <idade>7 anos</idade>
   </paciente>
   <medico>Dr. Juca</medico>
   <data>20/10/2001</data>
   <medicamentos-receitados>
         <medicamento uso="interno">
            <nome>Xarope Sem Tosse</nome>
            <posologia>1 colher 3x ao dia</posologia>
         </medicamento> 
         <medicamento uso="externo">
            <nome>Gyellow</nome>
            <posologia>aplicar no braço 1x ao dia ao deitar</posologia>
         </medicamento>
    </medicamentos-receitados>
</receita>