<?xml version="1.0"?>
<!DOCTYPE pedido SYSTEM "pedido.dtd">
<pedido numero="1000">
  <cliente>
    <razao_social>JOAQUIM</razao_social>
    <cgc>00.000.000/0001-00</cgc>
  </cliente>
  <itens_pedido>
    <item>
       <produto>caneta azul</produto>
       <quantidade>100</quantidade>
       <preco_unit>2</preco_unit>
    </item>
    <item>
       <produto>caneta preta</produto>
       <quantidade>200</quantidade>
       <preco_unit>3</preco_unit>
    </item>
  </itens_pedido>
</pedido>
