<?xml version="1.0" encoding="UTF-8"?>
<project-private xmlns="http://www.netbeans.org/ns/project-private/1">
    <editor-bookmarks xmlns="http://www.netbeans.org/ns/editor-bookmarks/1"/>
    <editor-bookmarks xmlns="http://www.netbeans.org/ns/editor-bookmarks/2" lastBookmarkId="0"/>
    <open-files xmlns="http://www.netbeans.org/ns/projectui-open-files/1">
        <file>file:/Users/vanessa/Dropbox/Documents/Disciplinas/ED2/Aulas/04-ArquivosSequenciais-AtualizacaoLote/DojoBalanceLine/test/dojobalanceline/BalanceLineTest.java</file>
        <file>file:/Users/vanessa/Dropbox/Documents/Disciplinas/ED2/Aulas/04-ArquivosSequenciais-AtualizacaoLote/DojoBalanceLine/src/dojobalanceline/BalanceLine.java</file>
        <file>file:/Users/vanessa/Dropbox/Documents/Disciplinas/ED2/Aulas/04-ArquivosSequenciais-AtualizacaoLote/DojoBalanceLine/src/dojobalanceline/Cliente.java</file>
        <file>file:/Users/vanessa/Dropbox/Documents/Disciplinas/ED2/Aulas/04-ArquivosSequenciais-AtualizacaoLote/DojoBalanceLine/src/dojobalanceline/Entidade.java</file>
        <file>file:/Users/vanessa/Dropbox/Documents/Disciplinas/ED2/Aulas/04-ArquivosSequenciais-AtualizacaoLote/DojoBalanceLine/src/dojobalanceline/Transacao.java</file>
    </open-files>
    <open-files xmlns="http://www.netbeans.org/ns/projectui-open-files/2">
        <group/>
    </open-files>
</project-private>
