<?xml version="1.0" encoding="UTF-8"?>
<project-private xmlns="http://www.netbeans.org/ns/project-private/1">
    <editor-bookmarks xmlns="http://www.netbeans.org/ns/editor-bookmarks/1"/>
    <editor-bookmarks xmlns="http://www.netbeans.org/ns/editor-bookmarks/2" lastBookmarkId="0"/>
    <open-files xmlns="http://www.netbeans.org/ns/projectui-open-files/2">
        <group>
            <file>file:/Users/vanessa/Dropbox/Documents/Disciplinas/ED2/Aulas/06-ClassificacaoExterna-GeracaoParticoesClassificadas/DojoGeracaoParticoes/test/dojoparticoes/GeracaoParticoesTest.java</file>
            <file>file:/Users/vanessa/Dropbox/Documents/Disciplinas/ED2/Aulas/06-ClassificacaoExterna-GeracaoParticoesClassificadas/DojoGeracaoParticoes/src/dojoparticoes/GeracaoParticoes.java</file>
        </group>
    </open-files>
</project-private>
