<?xml version="1.0" encoding="UTF-8"?>
<project-private xmlns="http://www.netbeans.org/ns/project-private/1">
    <code-assistance-data xmlns="http://www.netbeans.org/ns/make-project-private/1">
        <code-model-enabled>true</code-model-enabled>
    </code-assistance-data>
    <data xmlns="http://www.netbeans.org/ns/make-project-private/1">
        <activeConfTypeElem>0</activeConfTypeElem>
        <activeConfIndexElem>0</activeConfIndexElem>
    </data>
    <editor-bookmarks xmlns="http://www.netbeans.org/ns/editor-bookmarks/2" lastBookmarkId="0"/>
    <open-files xmlns="http://www.netbeans.org/ns/projectui-open-files/2">
        <group>
            <file>file:/Users/vanessa/Dropbox/Documents/Disciplinas/ED2/Aulas/10-ArquivosIndexadosChavesSecundarias/DojoChaveSecundaria/test_chave_secundaria.c</file>
            <file>file:/Users/vanessa/Dropbox/Documents/Disciplinas/ED2/Aulas/10-ArquivosIndexadosChavesSecundarias/DojoChaveSecundaria/registro_indice_idade.h</file>
            <file>file:/Users/vanessa/Dropbox/Documents/Disciplinas/ED2/Aulas/10-ArquivosIndexadosChavesSecundarias/DojoChaveSecundaria/lista_registros_indice_idade.c</file>
            <file>file:/Users/vanessa/Dropbox/Documents/Disciplinas/ED2/Aulas/10-ArquivosIndexadosChavesSecundarias/DojoChaveSecundaria/cliente.c</file>
            <file>file:/Users/vanessa/Dropbox/Documents/Disciplinas/ED2/Aulas/10-ArquivosIndexadosChavesSecundarias/DojoChaveSecundaria/chave_secundaria.h</file>
            <file>file:/Users/vanessa/Dropbox/Documents/Disciplinas/ED2/Aulas/10-ArquivosIndexadosChavesSecundarias/DojoChaveSecundaria/lista_registros_indice_idade.h</file>
            <file>file:/Users/vanessa/Dropbox/Documents/Disciplinas/ED2/Aulas/10-ArquivosIndexadosChavesSecundarias/DojoChaveSecundaria/ufftest.h</file>
            <file>file:/Users/vanessa/Dropbox/Documents/Disciplinas/ED2/Aulas/10-ArquivosIndexadosChavesSecundarias/DojoChaveSecundaria/chave_secundaria.c</file>
            <file>file:/Users/vanessa/Dropbox/Documents/Disciplinas/ED2/Aulas/10-ArquivosIndexadosChavesSecundarias/DojoChaveSecundaria/registro_indice_idade.c</file>
            <file>file:/Users/vanessa/Dropbox/Documents/Disciplinas/ED2/Aulas/10-ArquivosIndexadosChavesSecundarias/DojoChaveSecundaria/cliente.h</file>
            <file>file:/Users/vanessa/Dropbox/Documents/Disciplinas/ED2/Aulas/10-ArquivosIndexadosChavesSecundarias/DojoChaveSecundaria/lista_clientes.c</file>
            <file>file:/Users/vanessa/Dropbox/Documents/Disciplinas/ED2/Aulas/10-ArquivosIndexadosChavesSecundarias/DojoChaveSecundaria/Makefile</file>
        </group>
    </open-files>
</project-private>
