<?xml version="1.0"?>
<request>
	<?odbc2xml q1:select custcode, custname from customer where custcode=1?>
	<customer>
		<code><?odbc2xml q1.custcode?></code>
		<name>	<?odbc2xml q1.custname?></name>
	</customer>
	<items>
		<?odbc2xml q2:select p.PRODUCTCODE, DESCRIPTION, QUANTITY, QUANTITY * i.PRICE as TOTAL from item i, request r, product p where r.custcode= 1 and r.requestnumber=i.requestnumber and p.productcode=i.productcode and r.requestdate=#1/25/2002#?>
		<item>
			<product_code>	<?odbc2xml q2.PRODUCTCODE?></product_code>
			<product_name><?odbc2xml q2.DESCRIPTION?></product_name>
			<quant>	<?odbc2xml q2.QUANTITY?></quant>
			<total><?odbc2xml q2.TOTAL?></total>
		</item>
	</items>
</request>
